﻿[
  {
    "レコード番号": {
      "type": "RECORD_NUMBER",
      "value": "1"
    },
    "更新者": {
      "type": "MODIFIER",
      "value": {
        "code": "smonzen.biz@gmail.com",
        "name": "庁内 - システム管理者"
      }
    },
    "作成者": {
      "type": "CREATOR",
      "value": {
        "code": "smonzen.biz@gmail.com",
        "name": "庁内 - システム管理者"
      }
    },
    "名称": {
      "type": "SINGLE_LINE_TEXT",
      "value": ""
    },
    "$revision": {
      "type": "__REVISION__",
      "value": "1"
    },
    "コード": {
      "type": "SINGLE_LINE_TEXT",
      "value": ""
    },
    "更新日時": {
      "type": "UPDATED_TIME",
      "value": "2022-10-05T15:09:00Z"
    },
    "作成日時": {
      "type": "CREATED_TIME",
      "value": "2022-10-05T15:09:00Z"
    },
    "$id": {
      "type": "__ID__",
      "value": "1"
    }
  }
]