﻿{
  "properties": {
    "カテゴリー": {
      "type": "CATEGORY",
      "code": "カテゴリー",
      "label": "カテゴリー",
      "enabled": false
    },
    "レコード番号": {
      "type": "RECORD_NUMBER",
      "code": "レコード番号",
      "label": "レコード番号",
      "noLabel": false
    },
    "作業者": {
      "type": "STATUS_ASSIGNEE",
      "code": "作業者",
      "label": "作業者",
      "enabled": false
    },
    "更新者": {
      "type": "MODIFIER",
      "code": "更新者",
      "label": "更新者",
      "noLabel": false
    },
    "作成者": {
      "type": "CREATOR",
      "code": "作成者",
      "label": "作成者",
      "noLabel": false
    },
    "ステータス": {
      "type": "STATUS",
      "code": "ステータス",
      "label": "ステータス",
      "enabled": false
    },
    "名称": {
      "type": "SINGLE_LINE_TEXT",
      "code": "名称",
      "label": "名称",
      "noLabel": false,
      "required": false,
      "minLength": "",
      "maxLength": "",
      "expression": "",
      "hideExpression": false,
      "unique": false,
      "defaultValue": ""
    },
    "コード": {
      "type": "SINGLE_LINE_TEXT",
      "code": "コード",
      "label": "コード",
      "noLabel": false,
      "required": false,
      "minLength": "",
      "maxLength": "",
      "expression": "",
      "hideExpression": false,
      "unique": false,
      "defaultValue": ""
    },
    "更新日時": {
      "type": "UPDATED_TIME",
      "code": "更新日時",
      "label": "更新日時",
      "noLabel": false
    },
    "作成日時": {
      "type": "CREATED_TIME",
      "code": "作成日時",
      "label": "作成日時",
      "noLabel": false
    }
  }
}