﻿{
  "notifications": [
    {
      "entity": {
        "type": "FIELD_ENTITY",
        "code": "更新者"
      },
      "includeSubs": false,
      "recordAdded": false,
      "recordEdited": false,
      "commentAdded": true,
      "statusChanged": false,
      "fileImported": false
    },
    {
      "entity": {
        "type": "FIELD_ENTITY",
        "code": "作成者"
      },
      "includeSubs": false,
      "recordAdded": false,
      "recordEdited": false,
      "commentAdded": true,
      "statusChanged": false,
      "fileImported": false
    },
    {
      "entity": {
        "type": "FIELD_ENTITY",
        "code": "作業者"
      },
      "includeSubs": false,
      "recordAdded": false,
      "recordEdited": false,
      "commentAdded": false,
      "statusChanged": true,
      "fileImported": false
    }
  ],
  "notifyToCommenter": true
}