﻿{
  "properties": {
    "レコード番号": {
      "type": "RECORD_NUMBER",
      "code": "レコード番号",
      "label": "レコード番号",
      "noLabel": false
    },
    "作業者": {
      "type": "STATUS_ASSIGNEE",
      "code": "作業者",
      "label": "作業者",
      "enabled": true
    },
    "更新者": {
      "type": "MODIFIER",
      "code": "更新者",
      "label": "更新者",
      "noLabel": false
    },
    "作成者": {
      "type": "CREATOR",
      "code": "作成者",
      "label": "作成者",
      "noLabel": false
    },
    "文字列__1行_": {
      "type": "SINGLE_LINE_TEXT",
      "code": "文字列__1行_",
      "label": "文字列 (1行)",
      "noLabel": false,
      "required": false,
      "minLength": "",
      "maxLength": "",
      "expression": "",
      "hideExpression": false,
      "unique": false,
      "defaultValue": ""
    },
    "ステータス": {
      "type": "STATUS",
      "code": "ステータス",
      "label": "ステータス",
      "enabled": true
    },
    "名称": {
      "type": "SINGLE_LINE_TEXT",
      "code": "名称",
      "label": "名称",
      "noLabel": false,
      "required": false,
      "minLength": "",
      "maxLength": "",
      "expression": "",
      "hideExpression": false,
      "unique": false,
      "defaultValue": ""
    },
    "ドロップダウン": {
      "type": "DROP_DOWN",
      "code": "ドロップダウン",
      "label": "ドロップダウン",
      "noLabel": false,
      "required": false,
      "options": {
        "sample1": {
          "label": "sample1",
          "index": "0"
        },
        "sample2": {
          "label": "sample2",
          "index": "1"
        }
      },
      "defaultValue": ""
    },
    "文字列__1行__0": {
      "type": "SINGLE_LINE_TEXT",
      "code": "文字列__1行__0",
      "label": "文字列 (1行)",
      "noLabel": false,
      "required": false,
      "minLength": "",
      "maxLength": "",
      "expression": "",
      "hideExpression": false,
      "unique": false,
      "defaultValue": ""
    },
    "更新日時": {
      "type": "UPDATED_TIME",
      "code": "更新日時",
      "label": "更新日時",
      "noLabel": false
    },
    "カテゴリー": {
      "type": "CATEGORY",
      "code": "カテゴリー",
      "label": "カテゴリー",
      "enabled": false
    },
    "文字列__複数行_": {
      "type": "MULTI_LINE_TEXT",
      "code": "文字列__複数行_",
      "label": "文字列 (複数行)",
      "noLabel": false,
      "required": false,
      "defaultValue": ""
    },
    "数値2": {
      "type": "NUMBER",
      "code": "数値2",
      "label": "数値2",
      "noLabel": false,
      "required": false,
      "minValue": "",
      "maxValue": "",
      "digit": false,
      "unique": false,
      "defaultValue": "",
      "displayScale": "",
      "unit": "",
      "unitPosition": "BEFORE"
    },
    "数値1": {
      "type": "NUMBER",
      "code": "数値1",
      "label": "数値1",
      "noLabel": false,
      "required": false,
      "minValue": "",
      "maxValue": "",
      "digit": false,
      "unique": false,
      "defaultValue": "",
      "displayScale": "",
      "unit": "",
      "unitPosition": "BEFORE"
    },
    "ルックアップ": {
      "type": "SINGLE_LINE_TEXT",
      "code": "ルックアップ",
      "label": "ルックアップ",
      "noLabel": false,
      "required": false,
      "lookup": {
        "relatedApp": {
          "app": "488",
          "code": ""
        },
        "relatedKeyField": "コード",
        "fieldMappings": [
          {
            "field": "名称",
            "relatedField": "名称"
          }
        ],
        "lookupPickerFields": [
          "コード",
          "名称"
        ],
        "filterCond": "レコード番号 = \"2\"",
        "sort": "名称 desc"
      }
    },
    "作成日時": {
      "type": "CREATED_TIME",
      "code": "作成日時",
      "label": "作成日時",
      "noLabel": false
    },
    "計算": {
      "type": "CALC",
      "code": "計算",
      "label": "計算",
      "noLabel": false,
      "required": false,
      "expression": "数値1 + 数値2",
      "format": "NUMBER",
      "displayScale": "",
      "hideExpression": false,
      "unit": "",
      "unitPosition": "BEFORE"
    }
  }
}