﻿{
  "layout": [
    {
      "type": "ROW",
      "fields": [
        {
          "type": "SINGLE_LINE_TEXT",
          "code": "文字列__1行__0",
          "size": {
            "width": "193"
          }
        },
        {
          "type": "SINGLE_LINE_TEXT",
          "code": "文字列__1行_",
          "size": {
            "width": "193"
          }
        },
        {
          "type": "DROP_DOWN",
          "code": "ドロップダウン",
          "size": {
            "width": "196"
          }
        }
      ]
    },
    {
      "type": "ROW",
      "fields": [
        {
          "type": "MULTI_LINE_TEXT",
          "code": "文字列__複数行_",
          "size": {
            "width": "315",
            "innerHeight": "125"
          }
        }
      ]
    },
    {
      "type": "ROW",
      "fields": [
        {
          "type": "NUMBER",
          "code": "数値1",
          "size": {
            "width": "193"
          }
        },
        {
          "type": "NUMBER",
          "code": "数値2",
          "size": {
            "width": "193"
          }
        }
      ]
    },
    {
      "type": "ROW",
      "fields": [
        {
          "type": "CALC",
          "code": "計算",
          "size": {
            "width": "193"
          }
        }
      ]
    },
    {
      "type": "ROW",
      "fields": [
        {
          "type": "SINGLE_LINE_TEXT",
          "code": "ルックアップ",
          "size": {
            "width": "193"
          }
        },
        {
          "type": "SINGLE_LINE_TEXT",
          "code": "名称",
          "size": {
            "width": "193"
          }
        }
      ]
    }
  ]
}