﻿{
  "enable": true,
  "states": {
    "AAA": {
      "name": "AAA",
      "index": "1",
      "assignee": {
        "type": "ONE",
        "entities": []
      }
    },
    "完了": {
      "name": "完了",
      "index": "2",
      "assignee": {
        "type": "ONE",
        "entities": []
      }
    },
    "未処理ZZZ": {
      "name": "未処理ZZZ",
      "index": "0",
      "assignee": {
        "type": "ONE",
        "entities": []
      }
    },
    "処理中AAA": {
      "name": "処理中AAA",
      "index": "3",
      "assignee": {
        "type": "ONE",
        "entities": []
      }
    }
  },
  "actions": [
    {
      "name": "処理開始",
      "from": "未処理ZZZ",
      "to": "処理中AAA",
      "filterCond": ""
    },
    {
      "name": "完了する",
      "from": "処理中AAA",
      "to": "完了",
      "filterCond": ""
    }
  ]
}