﻿{
  "views": {
    "AAA": {
      "type": "LIST",
      "name": "AAA",
      "id": "6397663",
      "filterCond": "",
      "sort": "レコード番号 desc",
      "index": "0",
      "fields": [
        "レコード番号",
        "更新者"
      ]
    },
    "（作業者が自分）": {
      "type": "LIST",
      "name": "（作業者が自分）",
      "id": "6397657",
      "filterCond": "作業者 in (LOGINUSER())",
      "sort": "レコード番号 desc",
      "index": "1",
      "fields": [
        "レコード番号",
        "文字列__1行_",
        "ドロップダウン",
        "文字列__複数行_",
        "ステータス",
        "作業者"
      ],
      "builtinType": "ASSIGNEE"
    }
  }
}