﻿{
  "reports": {
    "グラフAAA": {
      "id": "6397650",
      "chartType": "BAR",
      "chartMode": "NORMAL",
      "name": "グラフAAA",
      "index": "0",
      "groups": [
        {
          "code": "ドロップダウン"
        }
      ],
      "aggregations": [
        {
          "type": "COUNT"
        }
      ],
      "filterCond": "",
      "sorts": [
        {
          "by": "TOTAL",
          "order": "DESC"
        }
      ],
      "periodicReport": null
    }
  }
}