﻿[
  {
    "レコード番号": {
      "type": "RECORD_NUMBER",
      "value": "1"
    },
    "作業者": {
      "type": "STATUS_ASSIGNEE",
      "value": []
    },
    "更新者": {
      "type": "MODIFIER",
      "value": {
        "code": "smonzen.biz@gmail.com",
        "name": "庁内 - システム管理者"
      }
    },
    "作成者": {
      "type": "CREATOR",
      "value": {
        "code": "smonzen.biz@gmail.com",
        "name": "庁内 - システム管理者"
      }
    },
    "文字列__1行_": {
      "type": "SINGLE_LINE_TEXT",
      "value": ""
    },
    "ステータス": {
      "type": "STATUS",
      "value": "未処理ZZZ"
    },
    "名称": {
      "type": "SINGLE_LINE_TEXT",
      "value": ""
    },
    "ドロップダウン": {
      "type": "DROP_DOWN",
      "value": null
    },
    "$revision": {
      "type": "__REVISION__",
      "value": "2"
    },
    "文字列__1行__0": {
      "type": "SINGLE_LINE_TEXT",
      "value": ""
    },
    "更新日時": {
      "type": "UPDATED_TIME",
      "value": "2022-10-06T15:55:00Z"
    },
    "文字列__複数行_": {
      "type": "MULTI_LINE_TEXT",
      "value": ""
    },
    "数値2": {
      "type": "NUMBER",
      "value": ""
    },
    "添付ファイル": {
      "type": "FILE",
      "value": [
        {
          "fileKey": "2022100615553981A0EB1B0F6F4BB498DB13B3DE27C7D6082",
          "name": "test-mobile.js",
          "contentType": "text/javascript",
          "size": "0"
        }
      ]
    },
    "数値1": {
      "type": "NUMBER",
      "value": ""
    },
    "ルックアップ": {
      "type": "SINGLE_LINE_TEXT",
      "value": ""
    },
    "作成日時": {
      "type": "CREATED_TIME",
      "value": "2022-10-05T15:09:00Z"
    },
    "計算": {
      "type": "CALC",
      "value": "0"
    },
    "$id": {
      "type": "__ID__",
      "value": "1"
    }
  },
  {
    "レコード番号": {
      "type": "RECORD_NUMBER",
      "value": "2"
    },
    "作業者": {
      "type": "STATUS_ASSIGNEE",
      "value": []
    },
    "更新者": {
      "type": "MODIFIER",
      "value": {
        "code": "smonzen.biz@gmail.com",
        "name": "庁内 - システム管理者"
      }
    },
    "作成者": {
      "type": "CREATOR",
      "value": {
        "code": "smonzen.biz@gmail.com",
        "name": "庁内 - システム管理者"
      }
    },
    "文字列__1行_": {
      "type": "SINGLE_LINE_TEXT",
      "value": ""
    },
    "ステータス": {
      "type": "STATUS",
      "value": "未処理ZZZ"
    },
    "名称": {
      "type": "SINGLE_LINE_TEXT",
      "value": ""
    },
    "ドロップダウン": {
      "type": "DROP_DOWN",
      "value": null
    },
    "$revision": {
      "type": "__REVISION__",
      "value": "1"
    },
    "文字列__1行__0": {
      "type": "SINGLE_LINE_TEXT",
      "value": ""
    },
    "更新日時": {
      "type": "UPDATED_TIME",
      "value": "2022-10-06T15:55:00Z"
    },
    "文字列__複数行_": {
      "type": "MULTI_LINE_TEXT",
      "value": ""
    },
    "数値2": {
      "type": "NUMBER",
      "value": ""
    },
    "添付ファイル": {
      "type": "FILE",
      "value": [
        {
          "fileKey": "202210061555456721FA55EBB848D9AB9789414F185194147",
          "name": "test.js",
          "contentType": "text/javascript",
          "size": "0"
        }
      ]
    },
    "数値1": {
      "type": "NUMBER",
      "value": ""
    },
    "ルックアップ": {
      "type": "SINGLE_LINE_TEXT",
      "value": ""
    },
    "作成日時": {
      "type": "CREATED_TIME",
      "value": "2022-10-06T15:55:00Z"
    },
    "計算": {
      "type": "CALC",
      "value": "0"
    },
    "$id": {
      "type": "__ID__",
      "value": "2"
    }
  }
]